Emplyee name,Due for promotion,Emplyee name2,will be retreanched,Find both,Names
Abbey Schindler,0,Abbey Schindler,0,N,
Abe J Macleod,0,Abe J Macleod,0,N,
Abe Morales,0,Abe Morales,0,N,
Abe X Paro,0,Abe X Paro,0,N,
Abram Q Keffer,0,Abram Q Keffer,0,N,
Abram S Manrique,0,Abram S Manrique,0,N,
Adalberto W Creek,0,Adalberto W Creek,1,N,
Adam B Katzer,0,Adam B Katzer,0,N,
Adelaide L Harrop,1,Adelaide L Harrop,1,Y,Adelaide L Harrop
Adele M Burnam,0,Adele M Burnam,0,N,
Adelia Abbas,0,Adelia Abbas,0,N,
Adelia U Villagomez,0,Adelia U Villagomez,0,N,
Adell W Trower,0,Adell W Trower,0,N,
Adella U Foushee,0,Adella U Foushee,0,N,
Adelle E Brunner,0,Adelle E Brunner,0,N,
Adria M Melendrez,0,Adria M Melendrez,0,N,
Adriana O Medved,0,Adriana O Medved,0,N,
Agnes Blow,0,Agnes Blow,0,N,
Agnes D Doud,0,Agnes D Doud,0,N,
Ahmad V Lynde,0,Ahmad V Lynde,0,N,
Ahmed C Minch,0,Ahmed C Minch,0,N,
Ahmed I Strope,0,Ahmed I Strope,0,N,
Ahmed V Lease,0,Ahmed V Lease,0,N,
Aiko Blossom,1,Aiko Blossom,0,N,
Aileen F Hiltz,0,Aileen F Hiltz,0,N,
Aileen Hiltz,0,Aileen Hiltz,0,N,
Akiko S Godby,0,Akiko S Godby,0,N,
Al Fegley,0,Al Fegley,0,N,
Alanna L Tyrell,0,Alanna L Tyrell,0,N,
Albert Z Dunford,0,Albert Z Dunford,0,N,
Alda F Penning,0,Alda F Penning,0,N,
Alden Cauley,0,Alden Cauley,0,N,
Alden Y Cauley,0,Alden Y Cauley,0,N,
Alease Lander,0,Alease Lander,0,N,
Alease Y Lander,0,Alease Y Lander,0,N,
Alec Mcnees,0,Alec Mcnees,0,N,
Aleisha H Mathew,0,Aleisha H Mathew,0,N,
Alesia B Bear,0,Alesia B Bear,0,N,
Alexis C Amaral,0,Alexis C Amaral,0,N,
Alexis D Bonelli,0,Alexis D Bonelli,0,N,
Alexis Q Grose,1,Alexis Q Grose,1,Y,Alexis Q Grose
Alfonzo Knupp,0,Alfonzo Knupp,0,N,
Alfred L Strausbaugh,0,Alfred L Strausbaugh,0,N,
Alina L Prowell,0,Alina L Prowell,0,N,
Alise Baltzell,0,Alise Baltzell,0,N,
Alise O Baltzell,0,Alise O Baltzell,0,N,
Alisha D Coppock,0,Alisha D Coppock,0,N,
Aliza X Sammons,1,Aliza X Sammons,0,N,
Allen L Vachon,0,Allen L Vachon,0,N,
Allene T Lepe,0,Allene T Lepe,0,N,
Alline V Kushner,0,Alline V Kushner,0,N,
Allyn O Farrior,0,Allyn O Farrior,1,N,
Allyson I Ours,0,Allyson I Ours,0,N,
Almeda M Dunford,0,Almeda M Dunford,0,N,
Alonzo W Stanford,0,Alonzo W Stanford,0,N,
Alphonso Laffoon,0,Alphonso Laffoon,0,N,
Alphonso U Laffoon,0,Alphonso U Laffoon,0,N,
Alysia Basil,0,Alysia Basil,0,N,
Amada J Knouse,0,Amada J Knouse,0,N,
Amado C Bonet,0,Amado C Bonet,0,N,
Amelia H Burbank,0,Amelia H Burbank,0,N,
America V Lobel,1,America V Lobel,1,Y,America V Lobel
Amiee Z Chaffins,1,Amiee Z Chaffins,1,Y,Amiee Z Chaffins
Analisa X Birdsell,0,Analisa X Birdsell,0,N,
Andre Q Maxon,0,Andre Q Maxon,0,N,
Andrea Rhymes,0,Andrea Rhymes,0,N,
Andreas L Kennard,0,Andreas L Kennard,0,N,
Andreas T Viles,0,Andreas T Viles,0,N,
Andres P Towles,0,Andres P Towles,0,N,
Andres S Garner,0,Andres S Garner,0,N,
Andrew D Hersey,0,Andrew D Hersey,0,N,
Andrew Detweiler,1,Andrew Detweiler,1,Y,Andrew Detweiler
Andrew P Detweiler,0,Andrew P Detweiler,0,N,
Andria Z Reza,0,Andria Z Reza,0,N,
Angel F Palomino,0,Angel F Palomino,0,N,
Angel Ferebee,0,Angel Ferebee,0,N,
Angela P Lorenzen,0,Angela P Lorenzen,0,N,
Angelo B Fitzmaurice,0,Angelo B Fitzmaurice,0,N,
Anibal F Pieper,0,Anibal F Pieper,0,N,
Anisha Jasmin,0,Anisha Jasmin,0,N,
Annabelle E Encinas,0,Annabelle E Encinas,0,N,
Annette Jolin,0,Annette Jolin,0,N,
Antone Polston,0,Antone Polston,0,N,
Antone W Polston,0,Antone W Polston,0,N,
Archie Blair,0,Archie Blair,0,N,
Arden B Fujita,0,Arden B Fujita,0,N,
Arlen F Maly,0,Arlen F Maly,0,N,
Arlen Joly,0,Arlen Joly,0,N,
Arlen M Joly,0,Arlen M Joly,0,N,
Arlen Z Vanslyke,0,Arlen Z Vanslyke,0,N,
Armando H Seaborn,0,Armando H Seaborn,0,N,
Armida Bridwell,0,Armida Bridwell,0,N,
Arnoldo D Mckeen,0,Arnoldo D Mckeen,0,N,
Aron Durante,0,Aron Durante,0,N,
Arron R Vegas,0,Arron R Vegas,0,N,
Arturo N Halvorsen,0,Arturo N Halvorsen,0,N,
Asa E Kunze,0,Asa E Kunze,1,N,
Ashanti R Swim,0,Ashanti R Swim,0,N,
Ashlie G Cadena,0,Ashlie G Cadena,0,N,
Asley F Mcewan,0,Asley F Mcewan,0,N,
Astrid Marinelli,0,Astrid Marinelli,0,N,
Astrid R Marinelli,0,Astrid R Marinelli,0,N,
Asuncion X Braunstein,0,Asuncion X Braunstein,0,N,
Audrea B Prather,0,Audrea B Prather,0,N,
Audrea K Papineau,0,Audrea K Papineau,0,N,
Audria W Barrios,0,Audria W Barrios,0,N,
Audrie X Mccammon,0,Audrie X Mccammon,0,N,
August C Navarette,0,August C Navarette,1,N,
August C Strother,0,August C Strother,0,N,
August F Dones,0,August F Dones,0,N,
Augusta G Kircher,0,Augusta G Kircher,0,N,
Aundrea W Lundberg,0,Aundrea W Lundberg,0,N,
Aurelio K Wyckoff,0,Aurelio K Wyckoff,0,N,
Austin Janney,0,Austin Janney,0,N,
Ayako Bachmann,0,Ayako Bachmann,0,N,
Ayako L Bachmann,0,Ayako L Bachmann,0,N,
Barak Sali,0,Barak Sali,0,N,
Barrie Collman,0,Barrie Collman,0,N,
Barrie E Collman,0,Barrie E Collman,0,N,
Bart B Gilcrease,0,Bart B Gilcrease,0,N,
Beatrice A Knopf,0,Beatrice A Knopf,0,N,
Beatrice Coen,0,Beatrice Coen,0,N,
Beatrice T Coen,0,Beatrice T Coen,0,N,
Bell N Molinaro,0,Bell N Molinaro,1,N,
Belva Fitzwater,0,Belva Fitzwater,0,N,
Ben Gigliotti,0,Ben Gigliotti,0,N,
Ben Lagrange,0,Ben Lagrange,0,N,
Ben N Lamson,0,Ben N Lamson,0,N,
Ben U Gigliotti,0,Ben U Gigliotti,0,N,
Benedict B Wix,0,Benedict B Wix,0,N,
Benedict U Daye,0,Benedict U Daye,0,N,
Bennie E Manfredi,0,Bennie E Manfredi,1,N,
Benny S Brinker,0,Benny S Brinker,1,N,
Berna Z Stoller,0,Berna Z Stoller,0,N,
Bernard A Harbert,0,Bernard A Harbert,0,N,
Bernard Harbert,0,Bernard Harbert,0,N,
Bernard N Weatherly,0,Bernard N Weatherly,0,N,
Bernarda E Gervais,0,Bernarda E Gervais,0,N,
Bernardina X Roesch,0,Bernardina X Roesch,0,N,
Bernardo I Garzon,0,Bernardo I Garzon,0,N,
Bernardo X Barbee,0,Bernardo X Barbee,0,N,
Bernie M Kish,0,Bernie M Kish,1,N,
Bert Q Lauritzen,0,Bert Q Lauritzen,0,N,
Bert S Kinkade,0,Bert S Kinkade,0,N,
Bertha E Harbison,0,Bertha E Harbison,0,N,
Beryl Helsel,0,Beryl Helsel,0,N,
Bethann Marini,0,Bethann Marini,0,N,
Bill Tarkington,0,Bill Tarkington,0,N,
Billie Liang,0,Billie Liang,0,N,
Birdie Savoy,0,Birdie Savoy,0,N,
Blanch Y Mysliwiec,0,Blanch Y Mysliwiec,0,N,
Bo E Curlee,0,Bo E Curlee,0,N,
Bobbie P Chumley,0,Bobbie P Chumley,0,N,
Bobbie Q Holbrook,0,Bobbie Q Holbrook,0,N,
Bobbie S Miner,0,Bobbie S Miner,0,N,
Bobbie X Schoenrock,0,Bobbie X Schoenrock,0,N,
Bong M Alvares,0,Bong M Alvares,0,N,
Bonny Poor,0,Bonny Poor,0,N,
Bonny S Poor,0,Bonny S Poor,0,N,
Boris A Mccown,0,Boris A Mccown,0,N,
Brad I Pattison,0,Brad I Pattison,0,N,
Bradford K Marlatt,0,Bradford K Marlatt,0,N,
Brande Sevier,0,Brande Sevier,0,N,
Brendon E Mone,1,Brendon E Mone,1,Y,Brendon E Mone
Brendon J Camp,0,Brendon J Camp,0,N,
Brendon V Crowther,0,Brendon V Crowther,0,N,
Brent U Perlman,0,Brent U Perlman,0,N,
Brenton U Boyett,0,Brenton U Boyett,0,N,
Bret C Delancey,0,Bret C Delancey,0,N,
Brett Z Vadnais,0,Brett Z Vadnais,0,N,
Bridget D Spadaro,0,Bridget D Spadaro,1,N,
Bridget Rake,0,Bridget Rake,0,N,
Brigitte D Fendley,0,Brigitte D Fendley,0,N,
Britt P Shivers,0,Britt P Shivers,0,N,
Britt Shivers,0,Britt Shivers,0,N,
Bruna R Welke,0,Bruna R Welke,0,N,
Bryan J Stampley,0,Bryan J Stampley,0,N,
Bryan V Guyton,0,Bryan V Guyton,0,N,
Bryanna Pyron,0,Bryanna Pyron,0,N,
Bryant L Kinsman,0,Bryant L Kinsman,0,N,
Bryce B Edens,0,Bryce B Edens,0,N,
Buck H Rancourt,1,Buck H Rancourt,1,Y,Buck H Rancourt
Buck Rancourt,0,Buck Rancourt,0,N,
Bud Kistner,0,Bud Kistner,0,N,
Bud L Lofgren,0,Bud L Lofgren,0,N,
Bud Lofgren,0,Bud Lofgren,0,N,
Buddy G Steinbeck,0,Buddy G Steinbeck,0,N,
Buddy W Lofgren,0,Buddy W Lofgren,0,N,
Buford Q Giancola,0,Buford Q Giancola,0,N,
Bula Reich,0,Bula Reich,0,N,
Burton C Jin,0,Burton C Jin,0,N,
Caleb Luther,0,Caleb Luther,0,N,
Cameron A Chamberland,0,Cameron A Chamberland,1,N,
Cameron Chamberland,0,Cameron Chamberland,0,N,
Cameron K Gratton,0,Cameron K Gratton,0,N,
Candelaria Q Zajicek,0,Candelaria Q Zajicek,1,N,
Candelaria Zajicek,1,Candelaria Zajicek,1,Y,Candelaria Zajicek
Carey J Sandlin,0,Carey J Sandlin,0,N,
Carey N Mccready,0,Carey N Mccready,0,N,
Carl M Paddock,0,Carl M Paddock,0,N,
Carlo B Ali,0,Carlo B Ali,0,N,
Carlos Banh,0,Carlos Banh,0,N,
Carlotta T Ryles,1,Carlotta T Ryles,1,Y,Carlotta T Ryles
Carlton P Bose,0,Carlton P Bose,0,N,
Carlton P Mahurin,0,Carlton P Mahurin,0,N,
Carly L Sirianni,0,Carly L Sirianni,0,N,
Carmelia E Bergeron,1,Carmelia E Bergeron,1,Y,Carmelia E Bergeron
Carmelia R Lattimer,0,Carmelia R Lattimer,0,N,
Carmen F Barret,0,Carmen F Barret,0,N,
Carmen U Benbow,0,Carmen U Benbow,0,N,
Carmon A Howlett,0,Carmon A Howlett,0,N,
Carolin T Loya,1,Carolin T Loya,0,N,
Carolina B Pasillas,0,Carolina B Pasillas,0,N,
Carolynn V Moynihan,1,Carolynn V Moynihan,0,N,
Carrol Arend,0,Carrol Arend,0,N,
Carrol O Arend,0,Carrol O Arend,0,N,
Carter B Hilderbrand,0,Carter B Hilderbrand,0,N,
Carter C Hunt,0,Carter C Hunt,0,N,
Casey D Krier,0,Casey D Krier,0,N,
Cassaundra K Polito,0,Cassaundra K Polito,0,N,
Cayla Mealy,0,Cayla Mealy,0,N,
Cecil Teixeira,0,Cecil Teixeira,0,N,
Cecily D Houser,1,Cecily D Houser,0,N,
Cedric N Cavallo,0,Cedric N Cavallo,1,N,
Cedrick Engelhardt,0,Cedrick Engelhardt,0,N,
Cedrick K Engelhardt,0,Cedrick K Engelhardt,0,N,
Cedrick M Cordle,0,Cedrick M Cordle,0,N,
Celesta L Reeser,0,Celesta L Reeser,0,N,
Celestine H Alderson,0,Celestine H Alderson,0,N,
Celinda C Magruder,0,Celinda C Magruder,0,N,
Celine Baskin,1,Celine Baskin,0,N,
Chadwick I Hargreaves,0,Chadwick I Hargreaves,0,N,
Charity N Denman,0,Charity N Denman,0,N,
Charles S Nicholes,0,Charles S Nicholes,0,N,
Charlie Moxley,0,Charlie Moxley,0,N,
Charlie V Koeller,0,Charlie V Koeller,0,N,
Chase J Paradise,0,Chase J Paradise,0,N,
Chase Paradise,0,Chase Paradise,0,N,
Chase T Scurry,0,Chase T Scurry,0,N,
Chau R Barron,0,Chau R Barron,0,N,
Chauncey Southerland,0,Chauncey Southerland,0,N,
Chaya W Caudle,0,Chaya W Caudle,0,N,
Chere Patchett,0,Chere Patchett,0,N,
Cheree Lusk,0,Cheree Lusk,0,N,
Chester N Sitz,0,Chester N Sitz,0,N,
Chi S Clopton,0,Chi S Clopton,0,N,
Ching D Applegate,0,Ching D Applegate,0,N,
Chris Braggs,0,Chris Braggs,0,N,
Chrissy H Edmonson,0,Chrissy H Edmonson,0,N,
Christena Kratz,0,Christena Kratz,0,N,
Christene Blakemore,0,Christene Blakemore,0,N,
Christene F Blakemore,0,Christene F Blakemore,1,N,
Christene L Mccaleb,0,Christene L Mccaleb,0,N,
Christi H Amaker,0,Christi H Amaker,0,N,
Christie Rodger,1,Christie Rodger,1,Y,Christie Rodger
Christoper K Manzano,0,Christoper K Manzano,0,N,
Chung J Moynihan,0,Chung J Moynihan,0,N,
Cicely W Colton,0,Cicely W Colton,0,N,
Cindie T Madden,0,Cindie T Madden,0,N,
Clara B Sifuentes,0,Clara B Sifuentes,0,N,
Clarence Hinkson,0,Clarence Hinkson,0,N,
Clarence J Hinkson,0,Clarence J Hinkson,0,N,
Claretta D Wingert,0,Claretta D Wingert,0,N,
Clark Spence,0,Clark Spence,0,N,
Claudio Q Bien,0,Claudio Q Bien,0,N,
Clemente S Wiechmann,1,Clemente S Wiechmann,0,N,
Clemmie F Montague,0,Clemmie F Montague,0,N,
Cleveland A Zinke,0,Cleveland A Zinke,0,N,
Cleveland Franko,0,Cleveland Franko,0,N,
Cleveland W Franko,0,Cleveland W Franko,0,N,
Cliff Skipworth,0,Cliff Skipworth,1,N,
Clint Q Orear,0,Clint Q Orear,0,N,
Clint Q Strayhorn,0,Clint Q Strayhorn,0,N,
Clint Strayhorn,0,Clint Strayhorn,0,N,
Clinton Tschida,0,Clinton Tschida,0,N,
Clotilde Mason,0,Clotilde Mason,0,N,
Clotilde X Mason,0,Clotilde X Mason,0,N,
Clyde P Ponton,0,Clyde P Ponton,0,N,
Cole Dellinger,0,Cole Dellinger,0,N,
Cole M Dellinger,0,Cole M Dellinger,0,N,
Cole N Poling,0,Cole N Poling,1,N,
Colin V Likens,0,Colin V Likens,0,N,
Colleen B Lenihan,0,Colleen B Lenihan,0,N,
Colton B Salzman,0,Colton B Salzman,0,N,
Colton Salzman,0,Colton Salzman,0,N,
Conrad R Saito,0,Conrad R Saito,0,N,
Conrad Saito,0,Conrad Saito,0,N,
Cordell M Tweedy,0,Cordell M Tweedy,0,N,
Cordell Riche,0,Cordell Riche,0,N,
Cordia M Knopp,0,Cordia M Knopp,0,N,
Corey F Stowe,0,Corey F Stowe,0,N,
Corina U Korhonen,0,Corina U Korhonen,0,N,
Cortez F Espiritu,0,Cortez F Espiritu,0,N,
Coy I Gentner,0,Coy I Gentner,0,N,
Cristal Q Kucharski,0,Cristal Q Kucharski,0,N,
Cristi T Clem,0,Cristi T Clem,0,N,
Crystal Comes,0,Crystal Comes,0,N,
Crystal U Comes,0,Crystal U Comes,0,N,
Curtis E Quayle,0,Curtis E Quayle,0,N,
Cyndy Ary,0,Cyndy Ary,0,N,
Cyndy H Ary,0,Cyndy H Ary,0,N,
Cythia I Stecker,0,Cythia I Stecker,0,N,
Daina U Ledet,0,Daina U Ledet,0,N,
Dale Childers,0,Dale Childers,0,N,
Dale E Childers,0,Dale E Childers,0,N,
Damian F Mcgaughey,0,Damian F Mcgaughey,0,N,
Damian X Grist,0,Damian X Grist,0,N,
Damien A Izquierdo,0,Damien A Izquierdo,0,N,
Dane Lawrence,0,Dane Lawrence,0,N,
Danette A Kuykendall,0,Danette A Kuykendall,0,N,
Daniel L Nava,0,Daniel L Nava,0,N,
Danilo Hammes,0,Danilo Hammes,0,N,
Danilo S Hammes,0,Danilo S Hammes,0,N,
Darcel P Burford,0,Darcel P Burford,0,N,
Darin Keitt,0,Darin Keitt,0,N,
Darin U Shipp,0,Darin U Shipp,0,N,
Darren U Shoulders,0,Darren U Shoulders,0,N,
Darron Tittle,0,Darron Tittle,0,N,
Darwin W Lemoine,0,Darwin W Lemoine,0,N,
Davida A Funkhouser,0,Davida A Funkhouser,0,N,
Davis Z Gaylor,0,Davis Z Gaylor,0,N,
Dawna T Woodbury,0,Dawna T Woodbury,0,N,
Dawne Y Gardner,0,Dawne Y Gardner,0,N,
Dayna M Edmondson,0,Dayna M Edmondson,0,N,
Deandre U Groleau,0,Deandre U Groleau,0,N,
Deane I Keown,0,Deane I Keown,0,N,
Deanna P Scoggin,1,Deanna P Scoggin,1,Y,Deanna P Scoggin
Debbie C Lipsey,0,Debbie C Lipsey,0,N,
Debrah X Flury,0,Debrah X Flury,0,N,
Dee Joslyn,0,Dee Joslyn,1,N,
Deeanna E Cluck,0,Deeanna E Cluck,0,N,
Delana I Selfridge,0,Delana I Selfridge,0,N,
Delana Y Freedman,0,Delana Y Freedman,0,N,
Delfina O Day,0,Delfina O Day,0,N,
Delphine P Carpio,0,Delphine P Carpio,0,N,
Delsie R Tennison,0,Delsie R Tennison,0,N,
Demarcus Recio,0,Demarcus Recio,0,N,
Denis T Yelle,0,Denis T Yelle,0,N,
Denis Y Fehr,0,Denis Y Fehr,0,N,
Dennis K Cayer,0,Dennis K Cayer,0,N,
Deon U Mounce,0,Deon U Mounce,0,N,
Derick A Macey,0,Derick A Macey,0,N,
Derrick Culbreth,0,Derrick Culbreth,0,N,
Deshawn O Mankin,0,Deshawn O Mankin,0,N,
Desirae D Ginn,0,Desirae D Ginn,0,N,
Desirae Ginn,0,Desirae Ginn,0,N,
Desiree L Sobel,0,Desiree L Sobel,0,N,
Detra D Rymer,1,Detra D Rymer,1,Y,Detra D Rymer
Devin Hales,1,Devin Hales,1,Y,Devin Hales
Devin U Hales,0,Devin U Hales,0,N,
Dewayne X Groom,0,Dewayne X Groom,0,N,
Dian I Peachey,0,Dian I Peachey,0,N,
Digna Q Eck,0,Digna Q Eck,1,N,
Dion K Taylor,0,Dion K Taylor,0,N,
Dion Taylor,0,Dion Taylor,0,N,
Don Southwick,0,Don Southwick,0,N,
Donald H Mazur,0,Donald H Mazur,0,N,
Donald P Phaneuf,0,Donald P Phaneuf,0,N,
Dong B Sturdevant,0,Dong B Sturdevant,0,N,
Dong Sturdevant,0,Dong Sturdevant,0,N,
Donna R Woodrum,0,Donna R Woodrum,0,N,
Donnell Babbitt,0,Donnell Babbitt,0,N,
Donte H Granger,0,Donte H Granger,0,N,
Donya G Rodden,0,Donya G Rodden,0,N,
Dorethea U Engram,0,Dorethea U Engram,0,N,
Doria Z Crouse,0,Doria Z Crouse,0,N,
Dorla G Westberry,0,Dorla G Westberry,0,N,
Dorothea J Canterbury,0,Dorothea J Canterbury,0,N,
Dorothy Gard,0,Dorothy Gard,0,N,
Dorothy Q Gard,0,Dorothy Q Gard,0,N,
Dortha Z Harty,0,Dortha Z Harty,0,N,
Dottie D Hagaman,0,Dottie D Hagaman,0,N,
Dottie Hagaman,0,Dottie Hagaman,0,N,
Doug B Southwick,0,Doug B Southwick,0,N,
Douglas Cull,0,Douglas Cull,0,N,
Dovie F Larue,0,Dovie F Larue,0,N,
Dovie Nickerson,0,Dovie Nickerson,0,N,
Dovie U Nickerson,0,Dovie U Nickerson,0,N,
Doyle Grindstaff,0,Doyle Grindstaff,0,N,
Doyle N Utter,0,Doyle N Utter,0,N,
Doyle T Grindstaff,0,Doyle T Grindstaff,0,N,
Doyle Utter,0,Doyle Utter,1,N,
Drucilla Simkins,0,Drucilla Simkins,0,N,
Dudley G Slocum,0,Dudley G Slocum,0,N,
Dudley Slocum,0,Dudley Slocum,0,N,
Dulce E Grizzard,1,Dulce E Grizzard,1,Y,Dulce E Grizzard
Dulce Grizzard,0,Dulce Grizzard,0,N,
Duncan O Maheu,0,Duncan O Maheu,0,N,
Dustin Y Espey,0,Dustin Y Espey,0,N,
Dusty L Kugler,0,Dusty L Kugler,0,N,
Dwain O Upham,0,Dwain O Upham,0,N,
Dwain Upham,0,Dwain Upham,0,N,
Dwayne Marker,0,Dwayne Marker,0,N,
Dwayne W Marker,0,Dwayne W Marker,0,N,
Earlean Funke,0,Earlean Funke,0,N,
Earlean Y Funke,0,Earlean Y Funke,0,N,
Earnest H Birkholz,0,Earnest H Birkholz,0,N,
Eartha Z Oceguera,0,Eartha Z Oceguera,0,N,
Ed Shockley,0,Ed Shockley,0,N,
Ed X Shockley,0,Ed X Shockley,0,N,
Eda O Brase,0,Eda O Brase,0,N,
Edgar Teer,0,Edgar Teer,0,N,
Edmund K Masuda,0,Edmund K Masuda,0,N,
Edmund Mcclung,1,Edmund Mcclung,1,Y,Edmund Mcclung
Edmundo R Rew,0,Edmundo R Rew,0,N,
Edra M Guthrie,0,Edra M Guthrie,0,N,
Effie Jelinek,0,Effie Jelinek,0,N,
Efrain L Wass,0,Efrain L Wass,0,N,
Efrain Moats,0,Efrain Moats,0,N,
Efren G Ager,0,Efren G Ager,0,N,
Ela K Hames,0,Ela K Hames,1,N,
Eladia A Braggs,0,Eladia A Braggs,0,N,
Elaine B Randazzo,0,Elaine B Randazzo,0,N,
Eldridge B Bose,0,Eldridge B Bose,1,N,
Eldridge Bose,0,Eldridge Bose,0,N,
Eldridge M Benningfield,0,Eldridge M Benningfield,0,N,
Eleanor D Dickson,0,Eleanor D Dickson,0,N,
Eleanora Farthing,0,Eleanora Farthing,0,N,
Elease H Burger,0,Elease H Burger,0,N,
Elenor B Gibbs,0,Elenor B Gibbs,0,N,
Elenora S Whitehill,0,Elenora S Whitehill,0,N,
Elenora V Halley,0,Elenora V Halley,0,N,
Eleonora Pollard,0,Eleonora Pollard,0,N,
Eleonora S Pollard,0,Eleonora S Pollard,0,N,
Elias Pinkard,0,Elias Pinkard,0,N,
Elias Y Pinkard,0,Elias Y Pinkard,0,N,
Elijah P Elkin,0,Elijah P Elkin,0,N,
Elijah X Ahmad,0,Elijah X Ahmad,0,N,
Eliz R Linneman,0,Eliz R Linneman,0,N,
Elliott Chess,0,Elliott Chess,0,N,
Ellis J Mccune,0,Ellis J Mccune,0,N,
Ellis V Mcneel,0,Ellis V Mcneel,0,N,
Elmo G Pagano,0,Elmo G Pagano,0,N,
Elois Z Ono,0,Elois Z Ono,0,N,
Eloise Demoss,0,Eloise Demoss,0,N,
Eloise Z Demoss,0,Eloise Z Demoss,0,N,
Elroy Kimbler,0,Elroy Kimbler,0,N,
Elroy L Shorts,0,Elroy L Shorts,0,N,
Elroy N Kimbler,0,Elroy N Kimbler,0,N,
Elsie S Depaz,0,Elsie S Depaz,0,N,
Elsy B Latta,1,Elsy B Latta,1,Y,Elsy B Latta
Elsy Beyer,0,Elsy Beyer,0,N,
Elvis J Stroh,0,Elvis J Stroh,1,N,
Elvis Stroh,0,Elvis Stroh,0,N,
Elvis Veiga,0,Elvis Veiga,1,N,
Elwood T More,0,Elwood T More,0,N,
Emeline I Richer,0,Emeline I Richer,0,N,
Emery P Sorrells,0,Emery P Sorrells,0,N,
Emiko Z Lolley,0,Emiko Z Lolley,0,N,
Emile Aponte,0,Emile Aponte,0,N,
Emma Dice,0,Emma Dice,0,N,
Emma Monti,0,Emma Monti,0,N,
Emma X Monti,0,Emma X Monti,0,N,
Emmanuel G Chamorro,0,Emmanuel G Chamorro,0,N,
Emmitt X Plante,0,Emmitt X Plante,0,N,
Employees,0,Employees,0,N,
Ena Mullins,0,Ena Mullins,0,N,
Ena Thor,0,Ena Thor,0,N,
Enda Kirchner,0,Enda Kirchner,0,N,
Eric C Irvine,0,Eric C Irvine,0,N,
Erica S Harlan,0,Erica S Harlan,0,N,
Erik W Steffen,0,Erik W Steffen,0,N,
Erin K Stclair,0,Erin K Stclair,0,N,
Erin L Jasmin,0,Erin L Jasmin,0,N,
Ernestine E Fludd,0,Ernestine E Fludd,0,N,
Ernestine Fludd,0,Ernestine Fludd,0,N,
Esmeralda N Veliz,0,Esmeralda N Veliz,0,N,
Estella E Miley,0,Estella E Miley,0,N,
Etsuko O Wilmot,0,Etsuko O Wilmot,0,N,
Ettie S Stilwell,0,Ettie S Stilwell,0,N,
Eveline B Strecker,0,Eveline B Strecker,0,N,
Evon Q Lawson,0,Evon Q Lawson,0,N,
Ewa B Staples,0,Ewa B Staples,0,N,
Exie C Bradham,0,Exie C Bradham,0,N,
Ezequiel N Shell,0,Ezequiel N Shell,0,N,
Ezra Calvert,0,Ezra Calvert,0,N,
Fabian Say,0,Fabian Say,0,N,
Faustino Scheffel,0,Faustino Scheffel,0,N,
Fawn Buckman,0,Fawn Buckman,0,N,
Fe A Schrock,0,Fe A Schrock,0,N,
Federico B Edmond,0,Federico B Edmond,0,N,
Federico Edmond,0,Federico Edmond,0,N,
Federico I Carlile,0,Federico I Carlile,0,N,
Felisha Q Ettinger,0,Felisha Q Ettinger,0,N,
Felix S Croker,0,Felix S Croker,0,N,
Femi Grek,0,Femi Grek,0,N,
Ferdinand Ramsdell,0,Ferdinand Ramsdell,0,N,
Fermin L Zapata,0,Fermin L Zapata,0,N,
Fernando Korhonen,0,Fernando Korhonen,0,N,
Fernando S Korhonen,1,Fernando S Korhonen,1,Y,Fernando S Korhonen
Forest Z Blewett,0,Forest Z Blewett,0,N,
Forest Z Hacker,0,Forest Z Hacker,0,N,
Forrest Q Zell,0,Forrest Q Zell,0,N,
Francis O Encarnacion,0,Francis O Encarnacion,0,N,
Frank O Mallon,0,Frank O Mallon,0,N,
Frankie I Speed,0,Frankie I Speed,0,N,
Franklyn V Hummell,0,Franklyn V Hummell,0,N,
Freddie C Headen,0,Freddie C Headen,0,N,
Freddy A Rolling,0,Freddy A Rolling,0,N,
Freddy Rolling,0,Freddy Rolling,0,N,
Fredericka J Varney,0,Fredericka J Varney,0,N,
Gabriel E Pearsall,0,Gabriel E Pearsall,1,N,
Gabriel S Beale,0,Gabriel S Beale,0,N,
Galina G Woodbury,0,Galina G Woodbury,0,N,
Garland J Verville,0,Garland J Verville,0,N,
Garland Z Leavell,0,Garland Z Leavell,0,N,
Garnett Dryer,1,Garnett Dryer,1,Y,Garnett Dryer
Garret Flakes,0,Garret Flakes,0,N,
Garrett Nolette,0,Garrett Nolette,1,N,
Garrett S Nolette,1,Garrett S Nolette,1,Y,Garrett S Nolette
Gavin V Mckillip,0,Gavin V Mckillip,0,N,
Gearldine Stolte,0,Gearldine Stolte,0,N,
Gema S Grover,0,Gema S Grover,0,N,
Gemma I Chilton,0,Gemma I Chilton,0,N,
Genaro Lukasik,0,Genaro Lukasik,0,N,
George U Clouser,0,George U Clouser,0,N,
Georgiann C Harrell,0,Georgiann C Harrell,0,N,
Georgiann Harrell,0,Georgiann Harrell,0,N,
Gerardo Q Bergen,0,Gerardo Q Bergen,0,N,
Geri M Tuthill,0,Geri M Tuthill,0,N,
Gerry D Woolery,0,Gerry D Woolery,0,N,
Gerry Harvey,0,Gerry Harvey,0,N,
Gerry X Koh,0,Gerry X Koh,0,N,
Gertrud B Glidden,0,Gertrud B Glidden,0,N,
Gertrud Glidden,0,Gertrud Glidden,0,N,
Gia M Casas,0,Gia M Casas,0,N,
Gidget X Loring,0,Gidget X Loring,0,N,
Gilbert M Wolfgram,0,Gilbert M Wolfgram,0,N,
Gilbert Z Bloss,0,Gilbert Z Bloss,0,N,
Gilberto U Greaves,0,Gilberto U Greaves,0,N,
Giovanna M Clift,0,Giovanna M Clift,0,N,
Giuseppe D Chouinard,0,Giuseppe D Chouinard,0,N,
Giuseppina Dagostino,0,Giuseppina Dagostino,0,N,
Giuseppina E Fink,0,Giuseppina E Fink,0,N,
Giuseppina N Dagostino,0,Giuseppina N Dagostino,0,N,
Glady Q Kump,0,Glady Q Kump,0,N,
Glenn N Vinyard,0,Glenn N Vinyard,0,N,
Glenn Vinyard,0,Glenn Vinyard,0,N,
Gracie P Lett,0,Gracie P Lett,0,N,
Grady Y Perera,0,Grady Y Perera,0,N,
Graham O Romeo,0,Graham O Romeo,0,N,
Gregorio H Hottinger,0,Gregorio H Hottinger,0,N,
Gregory I Kidwell,0,Gregory I Kidwell,0,N,
Grisel R Whitty,0,Grisel R Whitty,1,N,
Grisel Sutton,0,Grisel Sutton,0,N,
Grover Mcgahey,0,Grover Mcgahey,0,N,
Guillermo X Schwan,0,Guillermo X Schwan,0,N,
Gustavo F Rouse,0,Gustavo F Rouse,0,N,
Guy S Troy,0,Guy S Troy,0,N,
Gwyn E Etzel,0,Gwyn E Etzel,0,N,
Gwyn Etzel,0,Gwyn Etzel,0,N,
Gwyn I Parish,0,Gwyn I Parish,0,N,
Gwyn N Mitzel,0,Gwyn N Mitzel,0,N,
Hai Y Arden,0,Hai Y Arden,0,N,
Hal K Kells,0,Hal K Kells,0,N,
Hal Kells,0,Hal Kells,0,N,
Haley G Bova,0,Haley G Bova,0,N,
Hannah K Ma,0,Hannah K Ma,0,N,
Hans G Koh,0,Hans G Koh,0,N,
Harland S Renshaw,0,Harland S Renshaw,1,N,
Harriett A Mccurry,0,Harriett A Mccurry,0,N,
Hassan Radabaugh,0,Hassan Radabaugh,0,N,
Hayden E Novack,0,Hayden E Novack,0,N,
Hayden J Jang,0,Hayden J Jang,0,N,
Heath Aikin,0,Heath Aikin,0,N,
Heath Fell,0,Heath Fell,0,N,
Heath K Fell,0,Heath K Fell,0,N,
Herb B Irving,0,Herb B Irving,0,N,
Heriberto Rollo,0,Heriberto Rollo,0,N,
Heriberto Starkey,0,Heriberto Starkey,0,N,
Heriberto Y Starkey,0,Heriberto Y Starkey,0,N,
Herlinda U Negron,0,Herlinda U Negron,0,N,
Hermila X Crosslin,0,Hermila X Crosslin,0,N,
Hester B Cabana,0,Hester B Cabana,0,N,
Hettie S Lauber,0,Hettie S Lauber,0,N,
Hiram K Stokely,0,Hiram K Stokely,0,N,
Holley M Cathcart,0,Holley M Cathcart,0,N,
Holli G Ethridge,0,Holli G Ethridge,0,N,
Hollis Z Carr,0,Hollis Z Carr,0,N,
Homer Hollowell,0,Homer Hollowell,0,N,
Honey D Eaves,0,Honey D Eaves,1,N,
Hong M Townson,0,Hong M Townson,1,N,
Horace Hobart,0,Horace Hobart,0,N,
Horacio S Salazar,0,Horacio S Salazar,0,N,
Hosea B Michelson,0,Hosea B Michelson,0,N,
Houston K Joe,0,Houston K Joe,0,N,
Hoyt O Reiss,0,Hoyt O Reiss,0,N,
Hubert L Kirkland,0,Hubert L Kirkland,0,N,
Hugh N Chavira,0,Hugh N Chavira,0,N,
Hui Bizzell,0,Hui Bizzell,0,N,
Hui E Bizzell,0,Hui E Bizzell,0,N,
Hung H Nicola,0,Hung H Nicola,0,N,
Hyun M Gloss,0,Hyun M Gloss,0,N,
Hyun Z Bynoe,0,Hyun Z Bynoe,0,N,
Iliana Fogle,0,Iliana Fogle,0,N,
Iliana M Fogle,0,Iliana M Fogle,0,N,
Ilse X Harr,0,Ilse X Harr,0,N,
Ingeborg Z Weisser,0,Ingeborg Z Weisser,0,N,
Inger Gillan,0,Inger Gillan,0,N,
Inocencia Z Buteau,1,Inocencia Z Buteau,1,Y,Inocencia Z Buteau
Irene Ellerbee,0,Irene Ellerbee,0,N,
Irving C Pillar,0,Irving C Pillar,0,N,
Irwin River,0,Irwin River,0,N,
Isaac O Dempster,0,Isaac O Dempster,0,N,
Isaac Tsan,0,Isaac Tsan,0,N,
Isabella X Russell,0,Isabella X Russell,0,N,
Isaiah G Parrish,0,Isaiah G Parrish,0,N,
Isaiah Y Magwood,0,Isaiah Y Magwood,0,N,
Isiah S Coppock,0,Isiah S Coppock,0,N,
Isiah Wilkie,0,Isiah Wilkie,0,N,
Isis F Hash,0,Isis F Hash,0,N,
Isis N Rufus,0,Isis N Rufus,0,N,
Isobel K Dance,0,Isobel K Dance,0,N,
Israel T Hertzler,0,Israel T Hertzler,0,N,
Isreal F Metoyer,0,Isreal F Metoyer,0,N,
Isreal Metoyer,0,Isreal Metoyer,0,N,
Ivan A Groner,0,Ivan A Groner,0,N,
Izetta B Alford,0,Izetta B Alford,0,N,
Izola E Ye,0,Izola E Ye,0,N,
Jacinda X Michalec,0,Jacinda X Michalec,0,N,
Jacinta Y Cheney,0,Jacinta Y Cheney,0,N,
Jack J Warfel,0,Jack J Warfel,0,N,
Jack Partin,0,Jack Partin,0,N,
Jackie P Montague,0,Jackie P Montague,0,N,
Jackie Sachs,0,Jackie Sachs,0,N,
Jae B Isabell,0,Jae B Isabell,0,N,
Jaleesa I Averett,0,Jaleesa I Averett,0,N,
Jamaal Resto,0,Jamaal Resto,0,N,
Jamaal Z Resto,1,Jamaal Z Resto,1,Y,Jamaal Z Resto
Jamal G Dimarco,0,Jamal G Dimarco,0,N,
Jamel Meaney,1,Jamel Meaney,1,Y,Jamel Meaney
Jamey S Seim,0,Jamey S Seim,0,N,
Jamison Crutchfield,0,Jamison Crutchfield,0,N,
Jamison U Crutchfield,0,Jamison U Crutchfield,0,N,
Janean A Tyler,0,Janean A Tyler,0,N,
Janessa M Drennen,0,Janessa M Drennen,0,N,
Janie P Caswell,1,Janie P Caswell,1,Y,Janie P Caswell
Jaquelyn C Holzman,0,Jaquelyn C Holzman,0,N,
Jarred C Class,0,Jarred C Class,0,N,
Jarred Class,0,Jarred Class,0,N,
Jason V Gravois,0,Jason V Gravois,0,N,
Jasper P Barnaby,0,Jasper P Barnaby,0,N,
Jayme B Shimer,0,Jayme B Shimer,0,N,
Jayson S Carrol,1,Jayson S Carrol,1,Y,Jayson S Carrol
Jazmin Wheless,0,Jazmin Wheless,0,N,
Jc Meyers,0,Jc Meyers,0,N,
Jc S Meyers,0,Jc S Meyers,0,N,
Jeanetta N Norden,0,Jeanetta N Norden,0,N,
Jeanna U Li,0,Jeanna U Li,0,N,
Jeff E Lucero,1,Jeff E Lucero,0,N,
Jeff Mallon,0,Jeff Mallon,0,N,
Jeff W Zacarias,0,Jeff W Zacarias,0,N,
Jefferey Folkerts,0,Jefferey Folkerts,0,N,
Jefferson N Thurman,0,Jefferson N Thurman,0,N,
Jeffery A Brafford,0,Jeffery A Brafford,0,N,
Jeffrey Berg,0,Jeffrey Berg,0,N,
Jenell S Sauers,0,Jenell S Sauers,0,N,
Jeneva Y Bybee,1,Jeneva Y Bybee,0,N,
Jennefer Ours,0,Jennefer Ours,0,N,
Jenni Olguin,0,Jenni Olguin,1,N,
Jennifer Z Pridgen,0,Jennifer Z Pridgen,0,N,
Jeramy F Metoyer,0,Jeramy F Metoyer,0,N,
Jeramy T Londono,0,Jeramy T Londono,0,N,
Jeremiah Harriss,0,Jeremiah Harriss,0,N,
Jeremiah N Curran,0,Jeremiah N Curran,0,N,
Jeremy Belew,0,Jeremy Belew,0,N,
Jerlene P Dunnigan,1,Jerlene P Dunnigan,0,N,
Jerome P Whitefield,0,Jerome P Whitefield,0,N,
Jerome Spangler,0,Jerome Spangler,0,N,
Jerome Whitefield,0,Jerome Whitefield,0,N,
Jerrell Mcfarlin,0,Jerrell Mcfarlin,0,N,
Jerri Dunkle,0,Jerri Dunkle,0,N,
Jesus E Mclelland,0,Jesus E Mclelland,0,N,
Jesus H Guillen,0,Jesus H Guillen,0,N,
Jesus Tafolla,0,Jesus Tafolla,0,N,
Jewel R Willhite,0,Jewel R Willhite,0,N,
Jillian Harry,0,Jillian Harry,0,N,
Jim J Lurie,0,Jim J Lurie,0,N,
Jimmie A Rorie,0,Jimmie A Rorie,0,N,
Jimmie Esqueda,0,Jimmie Esqueda,0,N,
Jimmie F Vasquez,0,Jimmie F Vasquez,0,N,
Jimmy Canaday,0,Jimmy Canaday,0,N,
Joanie N Folkerts,0,Joanie N Folkerts,0,N,
Joanna Deforest,0,Joanna Deforest,0,N,
Joanna H Deforest,0,Joanna H Deforest,0,N,
Joanna M Sandefur,0,Joanna M Sandefur,0,N,
Joannie E Wolters,0,Joannie E Wolters,0,N,
Joaquin Vaz,0,Joaquin Vaz,0,N,
Jocelyn Q Scotti,0,Jocelyn Q Scotti,1,N,
Jody K Rude,0,Jody K Rude,1,N,
Jody Slavens,0,Jody Slavens,0,N,
Joel S Maine,0,Joel S Maine,0,N,
Joesph Y Shrout,0,Joesph Y Shrout,0,N,
Johnie Centers,0,Johnie Centers,0,N,
Johnie V Centers,0,Johnie V Centers,0,N,
Jolanda Dewees,1,Jolanda Dewees,1,Y,Jolanda Dewees
Jolanda L Dewees,0,Jolanda L Dewees,0,N,
Joleen H Chea,0,Joleen H Chea,0,N,
Joline Frisby,0,Joline Frisby,0,N,
Jon Arvizu,1,Jon Arvizu,1,Y,Jon Arvizu
Jon Behler,1,Jon Behler,0,N,
Jong Borchers,0,Jong Borchers,0,N,
Jong U Borchers,0,Jong U Borchers,0,N,
Jordan D Phu,0,Jordan D Phu,0,N,
Jordan Phu,1,Jordan Phu,1,Y,Jordan Phu
Jorge R Coghlan,0,Jorge R Coghlan,0,N,
Jose P Tubbs,0,Jose P Tubbs,0,N,
Josette Betancourt,0,Josette Betancourt,0,N,
Josette R Betancourt,0,Josette R Betancourt,0,N,
Josiah R Gutierres,0,Josiah R Gutierres,0,N,
Josie Hofman,0,Josie Hofman,0,N,
Judith D Gourdine,0,Judith D Gourdine,0,N,
Judith Gourdine,0,Judith Gourdine,0,N,
Judson Y Hodson,0,Judson Y Hodson,0,N,
Jules Shugart,0,Jules Shugart,0,N,
Julio Bryce,0,Julio Bryce,0,N,
Julio Dockery,0,Julio Dockery,0,N,
Julio P Bryce,0,Julio P Bryce,0,N,
Julio P Dockery,0,Julio P Dockery,0,N,
Julius N Bakker,0,Julius N Bakker,0,N,
Julius Q Stock,1,Julius Q Stock,1,Y,Julius Q Stock
Junita Huhn,0,Junita Huhn,0,N,
Junita Y Huhn,0,Junita Y Huhn,0,N,
Kaci Whitacre,0,Kaci Whitacre,0,N,
Kacy Cairns,0,Kacy Cairns,0,N,
Kali Kennamer,0,Kali Kennamer,0,N,
Kandis Owenby,0,Kandis Owenby,0,N,
Karie Renninger,0,Karie Renninger,0,N,
Karima Metivier,0,Karima Metivier,0,N,
Karisa B Glidewell,0,Karisa B Glidewell,0,N,
Karisa Glidewell,0,Karisa Glidewell,0,N,
Karl O Langlinais,0,Karl O Langlinais,0,N,
Karlene L Mckean,0,Karlene L Mckean,0,N,
Kasi Blakeslee,0,Kasi Blakeslee,0,N,
Kassie Akers,0,Kassie Akers,0,N,
Kassie Q Binder,0,Kassie Q Binder,1,N,
Kate O Paull,0,Kate O Paull,0,N,
Katelin F Coney,0,Katelin F Coney,0,N,
Katheryn Holtzclaw,0,Katheryn Holtzclaw,0,N,
Katia Foran,0,Katia Foran,0,N,
Katie N Kinnison,0,Katie N Kinnison,1,N,
Kaye Tubbs,1,Kaye Tubbs,0,N,
Keenan W Spruell,0,Keenan W Spruell,0,N,
Keila A Lucas,0,Keila A Lucas,1,N,
Keila F Lofland,0,Keila F Lofland,0,N,
Keira Till,0,Keira Till,0,N,
Keira Y Till,1,Keira Y Till,1,Y,Keira Y Till
Keith B Macha,0,Keith B Macha,0,N,
Keith E Moyes,0,Keith E Moyes,0,N,
Keith Q Ofarrell,0,Keith Q Ofarrell,0,N,
Keitha Foran,0,Keitha Foran,0,N,
Kellee L Gravelle,0,Kellee L Gravelle,0,N,
Ken X Weisberg,1,Ken X Weisberg,1,Y,Ken X Weisberg
Kendrick Burchette,0,Kendrick Burchette,0,N,
Kendrick C Burchette,1,Kendrick C Burchette,0,N,
Kenneth Lucius,0,Kenneth Lucius,0,N,
Kenton Q Villalta,1,Kenton Q Villalta,1,Y,Kenton Q Villalta
Kenton Villalta,0,Kenton Villalta,0,N,
Kermit L Mcphail,0,Kermit L Mcphail,0,N,
Kermit Mcphail,0,Kermit Mcphail,0,N,
Kerri Y Card,0,Kerri Y Card,0,N,
Keven A Jewell,0,Keven A Jewell,0,N,
Keven Bingham,0,Keven Bingham,0,N,
Keven F Bingham,0,Keven F Bingham,0,N,
Keven H Araiza,0,Keven H Araiza,0,N,
Khalilah A Campo,0,Khalilah A Campo,0,N,
Kiara G Abrahamson,0,Kiara G Abrahamson,0,N,
Kiara T Martinez,0,Kiara T Martinez,0,N,
Kieth D Castelli,0,Kieth D Castelli,0,N,
Kieth G Coney,0,Kieth G Coney,0,N,
Kimberlee J Hawkins,0,Kimberlee J Hawkins,1,N,
Kimberly Duquette,0,Kimberly Duquette,0,N,
Kimberly K Carr,0,Kimberly K Carr,0,N,
Kindra V Cruickshank,0,Kindra V Cruickshank,0,N,
Kirby W Estrella,0,Kirby W Estrella,0,N,
Kirstie Macey,0,Kirstie Macey,0,N,
Kirstie W Macey,0,Kirstie W Macey,0,N,
Kitty S Sickles,0,Kitty S Sickles,0,N,
Kizzy W Brazelton,0,Kizzy W Brazelton,0,N,
Korey I Garrity,0,Korey I Garrity,0,N,
Korey U Eddington,0,Korey U Eddington,0,N,
Kori J Fairfax,0,Kori J Fairfax,0,N,
Kraig P Brownfield,0,Kraig P Brownfield,0,N,
Kris Bice,0,Kris Bice,0,N,
Kris L Bice,0,Kris L Bice,0,N,
Krishna G Raby,0,Krishna G Raby,0,N,
Krissy S Valazquez,0,Krissy S Valazquez,0,N,
Kristal F Bickford,0,Kristal F Bickford,0,N,
Kristen A Beauchemin,0,Kristen A Beauchemin,0,N,
Kristie E Jain,0,Kristie E Jain,0,N,
Kristle D Figgs,0,Kristle D Figgs,0,N,
Kristofer N Calahan,0,Kristofer N Calahan,0,N,
Kristofer Y Fizer,0,Kristofer Y Fizer,0,N,
Kristopher Alejos,0,Kristopher Alejos,1,N,
Kurtis C Irons,0,Kurtis C Irons,0,N,
Kylie K Freda,1,Kylie K Freda,0,N,
Lacy Deshotel,0,Lacy Deshotel,0,N,
Lacy Q Deshotel,0,Lacy Q Deshotel,0,N,
Lakenya Z Mccroskey,0,Lakenya Z Mccroskey,0,N,
Lala C Marquez,0,Lala C Marquez,0,N,
Lala R Denman,0,Lala R Denman,0,N,
Lamar A Partida,0,Lamar A Partida,0,N,
Lamar L Legg,0,Lamar L Legg,0,N,
Lamar W Estill,0,Lamar W Estill,1,N,
Lamont J Brescia,0,Lamont J Brescia,0,N,
Lance Pennington,0,Lance Pennington,0,N,
Lanelle W Berlanga,0,Lanelle W Berlanga,0,N,
Larisa Still,0,Larisa Still,1,N,
Larisa X Strauss,0,Larisa X Strauss,0,N,
Larry K Mash,1,Larry K Mash,1,Y,Larry K Mash
Larry Osby,0,Larry Osby,0,N,
Lashaunda Y Munden,0,Lashaunda Y Munden,0,N,
Latanya C Law,0,Latanya C Law,0,N,
Latia Gleaton,0,Latia Gleaton,1,N,
Latrice Kirch,0,Latrice Kirch,0,N,
Launa N Kohl,0,Launa N Kohl,1,N,
Lauren O Guzzi,0,Lauren O Guzzi,0,N,
Lauren R Hennessy,0,Lauren R Hennessy,0,N,
Laurena P Caston,1,Laurena P Caston,1,Y,Laurena P Caston
Laurence K Ryles,0,Laurence K Ryles,0,N,
Laurinda Dinh,0,Laurinda Dinh,0,N,
Lavada Maldanado,0,Lavada Maldanado,0,N,
Lavada W Maldanado,0,Lavada W Maldanado,0,N,
Lavette P Cheney,0,Lavette P Cheney,0,N,
Lawerence W Abernethy,0,Lawerence W Abernethy,0,N,
Leanna X Tibbetts,0,Leanna X Tibbetts,0,N,
Leda X Haskell,0,Leda X Haskell,0,N,
Leda Y Fabre,0,Leda Y Fabre,0,N,
Leif Harness,0,Leif Harness,0,N,
Leif Y Harness,0,Leif Y Harness,0,N,
Leigh Y Haws,0,Leigh Y Haws,0,N,
Leland C Fifield,0,Leland C Fifield,0,N,
Leland David,0,Leland David,0,N,
Lemuel V Darden,0,Lemuel V Darden,0,N,
Lemuel W Hardman,0,Lemuel W Hardman,0,N,
Lenny U Rister,0,Lenny U Rister,1,N,
Leonel S Yuan,0,Leonel S Yuan,0,N,
Leonia Y Derosier,0,Leonia Y Derosier,0,N,
Leonore Reason,0,Leonore Reason,0,N,
Leopoldo U Hole,0,Leopoldo U Hole,0,N,
Leroy H Styron,0,Leroy H Styron,0,N,
Les Priolo,0,Les Priolo,0,N,
Les V Bejarano,0,Les V Bejarano,0,N,
Les V Gran,0,Les V Gran,0,N,
Lesha K Cai,0,Lesha K Cai,0,N,
Lesley Macpherson,0,Lesley Macpherson,0,N,
Leslie I Stolte,0,Leslie I Stolte,0,N,
Leslie Stolte,0,Leslie Stolte,0,N,
Lester Coldiron,0,Lester Coldiron,0,N,
Letha L Apel,0,Letha L Apel,0,N,
Leticia V Lewandowski,0,Leticia V Lewandowski,0,N,
Lewis M Racette,0,Lewis M Racette,0,N,
Lezlie Z Bohannan,0,Lezlie Z Bohannan,0,N,
Lia J Liner,0,Lia J Liner,0,N,
Lia Liner,0,Lia Liner,0,N,
Liana T Quesenberry,0,Liana T Quesenberry,0,N,
Liane U Grafton,0,Liane U Grafton,0,N,
Lianne M Sweeney,0,Lianne M Sweeney,0,N,
Lianne Sweeney,0,Lianne Sweeney,0,N,
Liberty A Shroyer,0,Liberty A Shroyer,0,N,
Lidia Kuiper,0,Lidia Kuiper,0,N,
Lidia S Gerling,0,Lidia S Gerling,0,N,
Ligia Hoeft,0,Ligia Hoeft,0,N,
Lilli Tartt,0,Lilli Tartt,0,N,
Lincoln D Cauley,0,Lincoln D Cauley,0,N,
Lincoln D Demaria,0,Lincoln D Demaria,0,N,
Lincoln Demaria,0,Lincoln Demaria,0,N,
Lindsey W Whittle,0,Lindsey W Whittle,0,N,
Lindy M Reel,0,Lindy M Reel,0,N,
Linette Q Menard,0,Linette Q Menard,0,N,
Linh U Ashton,0,Linh U Ashton,0,N,
Linn Plummer,0,Linn Plummer,0,N,
Lino M Lizarraga,0,Lino M Lizarraga,0,N,
Linsey P Orsini,0,Linsey P Orsini,0,N,
Linwood H Carter,0,Linwood H Carter,0,N,
Linwood J Franqui,0,Linwood J Franqui,0,N,
Lisa C Sheridan,0,Lisa C Sheridan,0,N,
Lisette F Cowley,0,Lisette F Cowley,0,N,
Liz R Lomonaco,0,Liz R Lomonaco,0,N,
Lizzette G Moyle,0,Lizzette G Moyle,0,N,
Lizzette Moyle,0,Lizzette Moyle,0,N,
Lizzie D Ratcliff,0,Lizzie D Ratcliff,0,N,
Logan D Berryman,0,Logan D Berryman,0,N,
Lois Cozad,0,Lois Cozad,0,N,
Lona T Collar,0,Lona T Collar,0,N,
Londa Petrey,0,Londa Petrey,0,N,
Londa T Maya,0,Londa T Maya,0,N,
Loraine Barnes,0,Loraine Barnes,0,N,
Loralee V Ball,0,Loralee V Ball,0,N,
Loren H Mckenzie,1,Loren H Mckenzie,1,Y,Loren H Mckenzie
Loren I Casady,0,Loren I Casady,0,N,
Loren Isaac,0,Loren Isaac,0,N,
Lorette Y Petrillo,0,Lorette Y Petrillo,0,N,
Lorri Garney,0,Lorri Garney,0,N,
Lorriane P Ho,0,Lorriane P Ho,1,N,
Lottie Bonin,0,Lottie Bonin,0,N,
Lottie G Bonin,0,Lottie G Bonin,0,N,
Lou Baine,0,Lou Baine,0,N,
Louann X Sakamoto,0,Louann X Sakamoto,0,N,
Love G Lent,0,Love G Lent,0,N,
Lowell Demmer,0,Lowell Demmer,0,N,
Lucas Funes,0,Lucas Funes,0,N,
Lucas P Funes,0,Lucas P Funes,0,N,
Luciana N Campfield,0,Luciana N Campfield,0,N,
Lucienne U Clyne,0,Lucienne U Clyne,0,N,
Lucinda Z Borton,0,Lucinda Z Borton,0,N,
Lucius C Moorhead,0,Lucius C Moorhead,0,N,
Lucy Reiser,0,Lucy Reiser,0,N,
Luella W Kemmerer,0,Luella W Kemmerer,0,N,
Luigi G Lembo,0,Luigi G Lembo,0,N,
Luke S Tumlin,0,Luke S Tumlin,0,N,
Lyla Donald,0,Lyla Donald,0,N,
Lyla Q Donald,0,Lyla Q Donald,0,N,
Lyn Q Tso,0,Lyn Q Tso,0,N,
Lyn Tso,0,Lyn Tso,1,N,
Lyndon Dunkley,0,Lyndon Dunkley,0,N,
Lynn M Blocher,0,Lynn M Blocher,0,N,
Lynwood Durfee,0,Lynwood Durfee,0,N,
Lynwood Q Durfee,0,Lynwood Q Durfee,0,N,
Mac Lineberry,0,Mac Lineberry,0,N,
Mac U Palmquist,0,Mac U Palmquist,0,N,
Mac V Lineberry,0,Mac V Lineberry,0,N,
Mack L Lykes,1,Mack L Lykes,0,N,
Madalene J Martine,0,Madalene J Martine,0,N,
Madelyn W Boos,0,Madelyn W Boos,0,N,
Magaly Mcneel,0,Magaly Mcneel,0,N,
Magaly U Mcneel,0,Magaly U Mcneel,0,N,
Maire Mair,0,Maire Mair,0,N,
Malcolm Y Bonaparte,0,Malcolm Y Bonaparte,0,N,
Malcom Darrah,0,Malcom Darrah,0,N,
Malcom L Meister,0,Malcom L Meister,0,N,
Man W Bean,0,Man W Bean,0,N,
Mandy Lavalley,0,Mandy Lavalley,0,N,
Mandy W Lavalley,0,Mandy W Lavalley,0,N,
Marcell T Farias,0,Marcell T Farias,0,N,
Marcella Mapp,0,Marcella Mapp,0,N,
Marcella Z Mapp,0,Marcella Z Mapp,0,N,
Marcellus H Macintyre,0,Marcellus H Macintyre,0,N,
Marcellus Jalbert,0,Marcellus Jalbert,0,N,
Marco J Desilva,0,Marco J Desilva,0,N,
Marg Dunfee,0,Marg Dunfee,0,N,
Margarett E Mulford,0,Margarett E Mulford,0,N,
Margarite E Blalock,0,Margarite E Blalock,0,N,
Margarito M Oxendine,0,Margarito M Oxendine,0,N,
Margarito O Retana,0,Margarito O Retana,0,N,
Margarito Retana,0,Margarito Retana,0,N,
Marget Dials,0,Marget Dials,0,N,
Margit E Gallion,0,Margit E Gallion,0,N,
Margit Gallaher,0,Margit Gallaher,0,N,
Margrett M Confer,0,Margrett M Confer,1,N,
Mariam F Pinheiro,0,Mariam F Pinheiro,0,N,
Mariano F Leary,0,Mariano F Leary,0,N,
Mariano Y Kyles,0,Mariano Y Kyles,0,N,
Maricela Pendergrass,0,Maricela Pendergrass,0,N,
Marina X Quayle,0,Marina X Quayle,0,N,
Maris S Briggs,0,Maris S Briggs,0,N,
Marissa S Hughes,0,Marissa S Hughes,0,N,
Marivel Seiter,0,Marivel Seiter,0,N,
Mark F Hamman,0,Mark F Hamman,0,N,
Marketta Candelaria,0,Marketta Candelaria,0,N,
Markus J Lamm,0,Markus J Lamm,0,N,
Marlana W Zak,0,Marlana W Zak,0,N,
Marleen R Guyette,0,Marleen R Guyette,0,N,
Marlon M Caddell,0,Marlon M Caddell,0,N,
Marni O Otter,0,Marni O Otter,0,N,
Mary Y Tate,0,Mary Y Tate,0,N,
Maryellen E Zackery,0,Maryellen E Zackery,0,N,
Maryellen H Hartness,0,Maryellen H Hartness,0,N,
Maryjo Mccloy,0,Maryjo Mccloy,0,N,
Maryln H Springfield,0,Maryln H Springfield,0,N,
Marylouise Howland,0,Marylouise Howland,0,N,
Marylyn K Ditto,0,Marylyn K Ditto,0,N,
Marylynn Ealey,0,Marylynn Ealey,0,N,
Marylynn G Ealey,0,Marylynn G Ealey,0,N,
Mason Shiflett,0,Mason Shiflett,0,N,
Mathilda Monty,0,Mathilda Monty,0,N,
Matt D Bramblett,0,Matt D Bramblett,0,N,
Mauricio I Streets,1,Mauricio I Streets,0,N,
Mauricio U Talty,0,Mauricio U Talty,0,N,
Maximina K Frates,1,Maximina K Frates,1,Y,Maximina K Frates
Maxwell Azevedo,0,Maxwell Azevedo,0,N,
Maxwell H Azevedo,0,Maxwell H Azevedo,0,N,
Maybelle Rush,0,Maybelle Rush,0,N,
Mckinley H Scofield,0,Mckinley H Scofield,0,N,
Meda I Hayner,0,Meda I Hayner,0,N,
Mei H Silvera,0,Mei H Silvera,0,N,
Melida R Corle,0,Melida R Corle,0,N,
Mellissa Hembree,0,Mellissa Hembree,0,N,
Mervin E Goering,0,Mervin E Goering,0,N,
Mervin Goering,0,Mervin Goering,0,N,
Meryl B Jude,0,Meryl B Jude,0,N,
Meryl Gow,0,Meryl Gow,0,N,
Meryl I Nau,0,Meryl I Nau,0,N,
Meryl Nau,0,Meryl Nau,0,N,
Mica Z Herzberg,0,Mica Z Herzberg,0,N,
Micaela N Buker,0,Micaela N Buker,1,N,
Micheal F Mcleroy,0,Micheal F Mcleroy,0,N,
Mickey E Hentges,0,Mickey E Hentges,0,N,
Mickey Hentges,0,Mickey Hentges,0,N,
Micki R Jauregui,0,Micki R Jauregui,0,N,
Mignon H Ballesteros,0,Mignon H Ballesteros,0,N,
Mignon Q Dills,0,Mignon Q Dills,0,N,
Miguel P Karp,0,Miguel P Karp,0,N,
Mika J Rodriquez,0,Mika J Rodriquez,0,N,
Mika Rodriquez,0,Mika Rodriquez,0,N,
Mike A Waddington,0,Mike A Waddington,0,N,
Miles Lambert,0,Miles Lambert,0,N,
Miles N Light,0,Miles N Light,0,N,
Millicent G Mangan,0,Millicent G Mangan,0,N,
Millicent Mangan,0,Millicent Mangan,0,N,
Min X Buckmaster,0,Min X Buckmaster,0,N,
Mina P Shotwell,0,Mina P Shotwell,0,N,
Mina Shotwell,0,Mina Shotwell,0,N,
Minta J Branham,0,Minta J Branham,0,N,
Mirian E Gorman,0,Mirian E Gorman,0,N,
Mirtha Herzig,0,Mirtha Herzig,0,N,
Mirtha X Herzig,0,Mirtha X Herzig,0,N,
Misti H Mendenhall,0,Misti H Mendenhall,0,N,
Misti Royal,0,Misti Royal,0,N,
Moises U Hughs,0,Moises U Hughs,0,N,
Molly U Rasch,0,Molly U Rasch,0,N,
Monte F Mcginn,0,Monte F Mcginn,0,N,
Monty C Hughes,0,Monty C Hughes,0,N,
Morgan Carriere,0,Morgan Carriere,0,N,
Morgan K Rathbun,0,Morgan K Rathbun,0,N,
Morgan Leonetti,0,Morgan Leonetti,0,N,
Morgan O Carriere,0,Morgan O Carriere,0,N,
Morgan V Leonetti,0,Morgan V Leonetti,0,N,
Mose Brucker,0,Mose Brucker,0,N,
Mose O Brucker,0,Mose O Brucker,0,N,
Mumin Yusha,0,Mumin Yusha,0,N,
Murray D Pennock,0,Murray D Pennock,0,N,
Myles G Strum,0,Myles G Strum,0,N,
Myra H Parra,0,Myra H Parra,0,N,
Myron Elsea,0,Myron Elsea,0,N,
Myron V Elsea,0,Myron V Elsea,0,N,
Nadia B Rosner,0,Nadia B Rosner,0,N,
Nancy V Trogdon,0,Nancy V Trogdon,0,N,
Nannette Ressler,0,Nannette Ressler,0,N,
Nannie Z Seeman,0,Nannie Z Seeman,0,N,
Narcisa C Rayburn,1,Narcisa C Rayburn,1,Y,Narcisa C Rayburn
Natasha L Mcelhannon,0,Natasha L Mcelhannon,0,N,
Nathan Avendano,0,Nathan Avendano,0,N,
Nathan V Avendano,0,Nathan V Avendano,0,N,
Nathanael G Mcmillin,0,Nathanael G Mcmillin,0,N,
Nathanael Halloway,0,Nathanael Halloway,0,N,
Nathanael W Ohl,0,Nathanael W Ohl,0,N,
Neil Gebhard,0,Neil Gebhard,0,N,
Neil V Gebhard,0,Neil V Gebhard,0,N,
Neil Z Stoughton,0,Neil Z Stoughton,0,N,
Nelida E Cheeks,0,Nelida E Cheeks,0,N,
Nella Mckeown,0,Nella Mckeown,0,N,
Nelson Dubuc,0,Nelson Dubuc,0,N,
Nelson O Dubuc,0,Nelson O Dubuc,0,N,
Neomi P Pitchford,0,Neomi P Pitchford,0,N,
Nestor T Ventura,0,Nestor T Ventura,0,N,
Nettie T Mccandless,1,Nettie T Mccandless,1,Y,Nettie T Mccandless
Newton L Cromartie,0,Newton L Cromartie,0,N,
Newton V Scalia,0,Newton V Scalia,0,N,
Ngoc P Pogue,0,Ngoc P Pogue,0,N,
Ngoc X Watson,0,Ngoc X Watson,0,N,
Nicholas B Salcedo,0,Nicholas B Salcedo,0,N,
Nick Q Packard,0,Nick Q Packard,0,N,
Nickolas G Grossi,0,Nickolas G Grossi,0,N,
Nicola S Bellis,0,Nicola S Bellis,0,N,
Nicolle A Crothers,0,Nicolle A Crothers,0,N,
Nigel K Wadsworth,0,Nigel K Wadsworth,0,N,
Nigel O Sansom,0,Nigel O Sansom,0,N,
Nigel V Dupras,0,Nigel V Dupras,0,N,
Nikia Z Thrasher,0,Nikia Z Thrasher,0,N,
Nilsa Arambula,0,Nilsa Arambula,0,N,
Noah O Love,0,Noah O Love,0,N,
Noble Sanderson,0,Noble Sanderson,0,N,
Noel Garon,0,Noel Garon,0,N,
Nolan V Velazco,0,Nolan V Velazco,0,N,
Norris P Ewen,0,Norris P Ewen,0,N,
Novella B Osman,0,Novella B Osman,0,N,
Novella Osman,0,Novella Osman,0,N,
Odette Gorden,0,Odette Gorden,0,N,
Olevia U Cartier,0,Olevia U Cartier,0,N,
Oliver Mouzon,0,Oliver Mouzon,0,N,
Omer H Moultrie,0,Omer H Moultrie,0,N,
Ona K Koepp,0,Ona K Koepp,0,N,
Oren M Mcnabb,0,Oren M Mcnabb,1,N,
Oren Mcnabb,0,Oren Mcnabb,1,N,
Orval N Pichardo,0,Orval N Pichardo,0,N,
Orval Olinger,0,Orval Olinger,0,N,
Orval Q Olinger,0,Orval Q Olinger,1,N,
Orval Q Schlesinger,0,Orval Q Schlesinger,0,N,
Orville Marcantel,0,Orville Marcantel,0,N,
Orville Massey,0,Orville Massey,0,N,
Oscar R Bovee,0,Oscar R Bovee,0,N,
Oswaldo Baumbach,0,Oswaldo Baumbach,0,N,
Otha Sylvester,0,Otha Sylvester,0,N,
Otha T Orrell,0,Otha T Orrell,0,N,
Otto Reilly,0,Otto Reilly,0,N,
Palmer O Beamer,0,Palmer O Beamer,0,N,
Pansy Duchesne,0,Pansy Duchesne,0,N,
Pansy F Duchesne,0,Pansy F Duchesne,0,N,
Paola R Timberlake,0,Paola R Timberlake,0,N,
Paris U Leite,0,Paris U Leite,0,N,
Patria D Riedel,1,Patria D Riedel,1,Y,Patria D Riedel
Patrick H Gilleland,0,Patrick H Gilleland,0,N,
Patty Hosey,0,Patty Hosey,0,N,
Paz J Hegwood,0,Paz J Hegwood,0,N,
Perry E Huddleston,0,Perry E Huddleston,0,N,
Perry Outland,0,Perry Outland,0,N,
Pete B Donnelly,0,Pete B Donnelly,0,N,
Petrina B Dampier,0,Petrina B Dampier,0,N,
Petrina Dampier,0,Petrina Dampier,0,N,
Phil Czarnecki,0,Phil Czarnecki,0,N,
Phil G Czarnecki,0,Phil G Czarnecki,0,N,
Phil T Urena,0,Phil T Urena,0,N,
Philip Trinidad,0,Philip Trinidad,0,N,
Philip X Trinidad,0,Philip X Trinidad,0,N,
Phillip Crabill,0,Phillip Crabill,0,N,
Phyllis Figueredo,0,Phyllis Figueredo,0,N,
Porfirio Houghton,0,Porfirio Houghton,0,N,
Porsche Dearing,0,Porsche Dearing,0,N,
Prince Maloof,0,Prince Maloof,0,N,
Providencia Hennings,0,Providencia Hennings,0,N,
Queenie M Alder,0,Queenie M Alder,0,N,
Quinn Linneman,0,Quinn Linneman,0,N,
Rachelle M Burkhead,0,Rachelle M Burkhead,0,N,
Rafaela Madrid,0,Rafaela Madrid,0,N,
Rafaela N Madrid,0,Rafaela N Madrid,0,N,
Raguel Yeager,0,Raguel Yeager,0,N,
Ramon Heldt,0,Ramon Heldt,0,N,
Ramona V Hemphill,0,Ramona V Hemphill,0,N,
Ramona W Rand,0,Ramona W Rand,0,N,
Ramonita Z Fincher,0,Ramonita Z Fincher,0,N,
Randal J Kahle,0,Randal J Kahle,0,N,
Randal Kahle,0,Randal Kahle,0,N,
Randee O Cassity,0,Randee O Cassity,0,N,
Randee X Blunt,0,Randee X Blunt,0,N,
Raphael W Kellner,0,Raphael W Kellner,0,N,
Rashida M Durante,0,Rashida M Durante,0,N,
Raye T Willmon,0,Raye T Willmon,0,N,
Raymon I Chavarria,0,Raymon I Chavarria,0,N,
Raymond U Flavin,0,Raymond U Flavin,0,N,
Raymundo Pecora,0,Raymundo Pecora,1,N,
Reagan H Costas,0,Reagan H Costas,0,N,
Reanna I Hampton,0,Reanna I Hampton,0,N,
Reatha E Osby,0,Reatha E Osby,0,N,
Rebeca Kromer,0,Rebeca Kromer,0,N,
Reed O Vella,0,Reed O Vella,0,N,
Reed Vella,0,Reed Vella,0,N,
Reggie Cramer,0,Reggie Cramer,0,N,
Reinaldo Castellanos,0,Reinaldo Castellanos,0,N,
Reinaldo G Castellanos,1,Reinaldo G Castellanos,1,Y,Reinaldo G Castellanos
Renaldo K Cheatham,1,Renaldo K Cheatham,0,N,
Rene Morel,0,Rene Morel,0,N,
Ressie Goodwyn,0,Ressie Goodwyn,0,N,
Ressie I Goodwyn,0,Ressie I Goodwyn,0,N,
Retha G Nealy,0,Retha G Nealy,0,N,
Rex K Dion,0,Rex K Dion,0,N,
Reyes X Segal,0,Reyes X Segal,0,N,
Reynalda M Millwood,0,Reynalda M Millwood,0,N,
Reynaldo S Service,0,Reynaldo S Service,1,N,
Rhett A Chapple,0,Rhett A Chapple,0,N,
Rhett H Goode,0,Rhett H Goode,0,N,
Rich Cleek,0,Rich Cleek,0,N,
Rich Q Rehberg,0,Rich Q Rehberg,0,N,
Rich Rehberg,0,Rich Rehberg,0,N,
Richard C Truman,0,Richard C Truman,0,N,
Richard J Fetter,0,Richard J Fetter,0,N,
Richelle Haffner,0,Richelle Haffner,0,N,
Richie I Weisz,0,Richie I Weisz,0,N,
Rick E Armenta,0,Rick E Armenta,0,N,
Rick Y Haefner,0,Rick Y Haefner,0,N,
Rickey I Delk,0,Rickey I Delk,0,N,
Rina L Chacon,0,Rina L Chacon,0,N,
Rob Spier,0,Rob Spier,0,N,
Robbie N Heckman,0,Robbie N Heckman,0,N,
Robert Ancheta,0,Robert Ancheta,0,N,
Robert C Ancheta,0,Robert C Ancheta,0,N,
Robert F Trudeau,0,Robert F Trudeau,0,N,
Robert Winsor,0,Robert Winsor,0,N,
Roberto A Fresquez,0,Roberto A Fresquez,0,N,
Roberto U Derry,0,Roberto U Derry,0,N,
Robin Z Stewart,0,Robin Z Stewart,0,N,
Rod Catania,0,Rod Catania,0,N,
Rodney Leonardo,0,Rodney Leonardo,0,N,
Rogelio Finnerty,0,Rogelio Finnerty,0,N,
Rogelio Ledezma,0,Rogelio Ledezma,0,N,
Rolando Womble,0,Rolando Womble,0,N,
Ronnie E Swim,0,Ronnie E Swim,0,N,
Ronnie G Gumbs,0,Ronnie G Gumbs,0,N,
Ronnie H Upton,0,Ronnie H Upton,0,N,
Ronnie Upton,0,Ronnie Upton,0,N,
Rory Syed,0,Rory Syed,0,N,
Rosa Iler,0,Rosa Iler,0,N,
Rosaline H Brenneman,0,Rosaline H Brenneman,0,N,
Rosalva G Shepley,0,Rosalva G Shepley,0,N,
Rosanna D Standley,0,Rosanna D Standley,0,N,
Roscoe Tunney,0,Roscoe Tunney,0,N,
Roselia F Britton,0,Roselia F Britton,0,N,
Rosella E Marron,0,Rosella E Marron,0,N,
Rosemarie K Fellows,0,Rosemarie K Fellows,0,N,
Rosetta Messerly,0,Rosetta Messerly,0,N,
Rosette F Cascio,0,Rosette F Cascio,0,N,
Rosina Gonsalves,0,Rosina Gonsalves,0,N,
Ross Imai,0,Ross Imai,0,N,
Rosy U Baumeister,0,Rosy U Baumeister,0,N,
Roy W Wilkie,0,Roy W Wilkie,0,N,
Royal U Okeefe,0,Royal U Okeefe,0,N,
Royce K Goodwyn,0,Royce K Goodwyn,0,N,
Rozanne N Mielke,0,Rozanne N Mielke,0,N,
Rubin Confer,0,Rubin Confer,0,N,
Rubin E Confer,0,Rubin E Confer,0,N,
Ruby B Hare,0,Ruby B Hare,0,N,
Rueben X Pidgeon,0,Rueben X Pidgeon,0,N,
Rufus F Furlong,0,Rufus F Furlong,0,N,
Rufus Neufeld,0,Rufus Neufeld,0,N,
Russ I Teed,0,Russ I Teed,0,N,
Russ U Belliveau,0,Russ U Belliveau,0,N,
Russel Baumer,0,Russel Baumer,0,N,
Rusty Bibby,0,Rusty Bibby,0,N,
Sal C Heiden,0,Sal C Heiden,0,N,
Salena I Santillan,0,Salena I Santillan,0,N,
Salena Santillan,0,Salena Santillan,0,N,
Salvatore J Lindell,0,Salvatore J Lindell,0,N,
Sam C Limones,0,Sam C Limones,0,N,
Sam E Lacey,0,Sam E Lacey,0,N,
Samantha V Lucky,0,Samantha V Lucky,0,N,
Sammy C Holtzclaw,0,Sammy C Holtzclaw,1,N,
Samuel Dart,0,Samuel Dart,0,N,
Sanford Knee,0,Sanford Knee,0,N,
Sarita P Schubert,0,Sarita P Schubert,1,N,
Scott D Torrey,1,Scott D Torrey,1,Y,Scott D Torrey
Scott K Ricco,0,Scott K Ricco,0,N,
Selma Abram,0,Selma Abram,0,N,
Sena U Delrosario,0,Sena U Delrosario,0,N,
Serina Lingle,0,Serina Lingle,0,N,
Seth N Lipsky,0,Seth N Lipsky,0,N,
Seth Willilams,0,Seth Willilams,0,N,
Shanelle Z Hick,0,Shanelle Z Hick,0,N,
Shannon J Force,0,Shannon J Force,0,N,
Shanti F Quirion,0,Shanti F Quirion,0,N,
Shanti P Brinegar,0,Shanti P Brinegar,1,N,
Shanti Quirion,0,Shanti Quirion,0,N,
Shara Millsap,0,Shara Millsap,0,N,
Sharda W Choudhury,0,Sharda W Choudhury,0,N,
Sharita Y Lombardi,0,Sharita Y Lombardi,0,N,
Sharlene Klein,0,Sharlene Klein,0,N,
Sharonda Janzen,0,Sharonda Janzen,0,N,
Sharri Z Gormley,0,Sharri Z Gormley,0,N,
Sharyl Y Torian,0,Sharyl Y Torian,0,N,
Shasta F Bay,0,Shasta F Bay,0,N,
Shasta P Depuy,0,Shasta P Depuy,0,N,
Shavon K Wescott,0,Shavon K Wescott,0,N,
Shavonne B Boylan,0,Shavonne B Boylan,0,N,
Shavonne Henkle,0,Shavonne Henkle,1,N,
Shawanda Ostlund,0,Shawanda Ostlund,0,N,
Shayne T Claytor,0,Shayne T Claytor,0,N,
Sheila F Bergman,0,Sheila F Bergman,0,N,
Shemika D Porterfield,0,Shemika D Porterfield,0,N,
Sherise Bledsoe,0,Sherise Bledsoe,0,N,
Sherise C Bledsoe,0,Sherise C Bledsoe,0,N,
Sherlene E Mcdaniel,0,Sherlene E Mcdaniel,0,N,
Sherryl B Raker,0,Sherryl B Raker,0,N,
Sherryl Raker,0,Sherryl Raker,0,N,
Sherwood K Shire,0,Sherwood K Shire,1,N,
Sheryll X Broadbent,1,Sheryll X Broadbent,0,N,
Shirl M Caraballo,0,Shirl M Caraballo,0,N,
Shirley H Mettler,0,Shirley H Mettler,0,N,
Sidney D Amore,0,Sidney D Amore,0,N,
Silas J Wojcik,0,Silas J Wojcik,0,N,
Silas S Pyatt,0,Silas S Pyatt,0,N,
Silvana V Hendrix,0,Silvana V Hendrix,0,N,
Simon G Cromwell,0,Simon G Cromwell,0,N,
Sixta H Jo,0,Sixta H Jo,0,N,
Sixta Jo,0,Sixta Jo,0,N,
Sol Coffman,0,Sol Coffman,0,N,
Sol K Roger,0,Sol K Roger,1,N,
Solange Landaverde,0,Solange Landaverde,0,N,
Son D Ricketts,0,Son D Ricketts,0,N,
Sonny Najar,0,Sonny Najar,0,N,
Sophia F Knecht,0,Sophia F Knecht,0,N,
Stacey H Galante,0,Stacey H Galante,0,N,
Stacy B Kennell,0,Stacy B Kennell,0,N,
Stan I Folks,0,Stan I Folks,0,N,
Stan S Watt,0,Stan S Watt,0,N,
Stanley Caudill,0,Stanley Caudill,0,N,
Stanley F Casillas,0,Stanley F Casillas,0,N,
Stanton Y Cavallaro,0,Stanton Y Cavallaro,0,N,
Stasia L Daley,0,Stasia L Daley,0,N,
Stefanie P Rose,0,Stefanie P Rose,0,N,
Stephan Q Ranger,1,Stephan Q Ranger,1,Y,Stephan Q Ranger
Stephnie Millman,0,Stephnie Millman,0,N,
Steve S Everette,0,Steve S Everette,0,N,
Steven B Daigneault,0,Steven B Daigneault,0,N,
Steven Daigneault,0,Steven Daigneault,0,N,
Stewart Mazurek,1,Stewart Mazurek,1,Y,Stewart Mazurek
Stuart Fullwood,0,Stuart Fullwood,0,N,
Suellen Eoff,0,Suellen Eoff,0,N,
Sunshine F Earle,0,Sunshine F Earle,0,N,
Susan Barra,0,Susan Barra,0,N,
Susana H Hooks,1,Susana H Hooks,1,Y,Susana H Hooks
Susana Hooks,0,Susana Hooks,0,N,
Susann A Faucett,0,Susann A Faucett,0,N,
Suzette F Lovejoy,0,Suzette F Lovejoy,0,N,
Suzette Lovejoy,0,Suzette Lovejoy,0,N,
Sydney Trosper,0,Sydney Trosper,0,N,
Sylvester Harmer,0,Sylvester Harmer,0,N,
Sylvester M Harmer,0,Sylvester M Harmer,0,N,
Sylvester Z Blackledge,0,Sylvester Z Blackledge,0,N,
Tad Laster,0,Tad Laster,0,N,
Tad Portillo,0,Tad Portillo,0,N,
Tad V Laster,0,Tad V Laster,0,N,
Talisha F Nicklas,0,Talisha F Nicklas,0,N,
Tamera Balser,0,Tamera Balser,1,N,
Tamesha I Knepper,0,Tamesha I Knepper,0,N,
Tamica J Holoman,0,Tamica J Holoman,0,N,
Tammi S Garret,0,Tammi S Garret,0,N,
Tammy Staples,0,Tammy Staples,0,N,
Tammy Z Lorentz,0,Tammy Z Lorentz,0,N,
Taneka Q Church,1,Taneka Q Church,1,Y,Taneka Q Church
Tanner Y Hollenbeck,0,Tanner Y Hollenbeck,0,N,
Tawanda E Buchanon,0,Tawanda E Buchanon,0,N,
Taylor O Thill,0,Taylor O Thill,0,N,
Taylor Thill,1,Taylor Thill,1,Y,Taylor Thill
Tayna L Covarrubias,0,Tayna L Covarrubias,0,N,
Teddy Kleinschmidt,0,Teddy Kleinschmidt,0,N,
Tempie Peralta,0,Tempie Peralta,0,N,
Terra D Routh,0,Terra D Routh,0,N,
Terra Routh,0,Terra Routh,0,N,
Terrance E Schiefelbein,0,Terrance E Schiefelbein,0,N,
Terrell J Leader,0,Terrell J Leader,0,N,
Terrell Leader,0,Terrell Leader,0,N,
Theda Timothy,0,Theda Timothy,0,N,
Theresa Fitzmaurice,0,Theresa Fitzmaurice,0,N,
Theresa R Fitzmaurice,0,Theresa R Fitzmaurice,0,N,
Therese Q Belden,1,Therese Q Belden,1,Y,Therese Q Belden
Theron T Kramer,0,Theron T Kramer,0,N,
Thomas B Felipe,0,Thomas B Felipe,0,N,
Thomas H Huang,0,Thomas H Huang,0,N,
Thora Vanhook,0,Thora Vanhook,0,N,
Thurman T Caceres,0,Thurman T Caceres,0,N,
Tiffaney A Schoenberg,0,Tiffaney A Schoenberg,0,N,
Tiffaney Schoenberg,0,Tiffaney Schoenberg,0,N,
Tim N Schueller,0,Tim N Schueller,0,N,
Tim U Kornegay,0,Tim U Kornegay,0,N,
Timmy I Poteat,0,Timmy I Poteat,0,N,
Timmy Kitchens,0,Timmy Kitchens,0,N,
Tinisha V Vince,0,Tinisha V Vince,0,N,
Tiny Llanos,0,Tiny Llanos,0,N,
Tiny Q Llanos,1,Tiny Q Llanos,1,Y,Tiny Q Llanos
Tiny Z Oliveri,0,Tiny Z Oliveri,0,N,
Titus Eide,0,Titus Eide,0,N,
Toby Riles,0,Toby Riles,0,N,
Tod Rene,0,Tod Rene,0,N,
Toi F Stallard,0,Toi F Stallard,0,N,
Tomas V Krout,0,Tomas V Krout,0,N,
Tommie S Fargo,0,Tommie S Fargo,0,N,
Tommy I Meadows,0,Tommy I Meadows,0,N,
Tona S Huseby,0,Tona S Huseby,0,N,
Toney Buffum,0,Toney Buffum,0,N,
Toney O Gentle,0,Toney O Gentle,1,N,
Toney W Bollman,1,Toney W Bollman,1,Y,Toney W Bollman
Tonia Silvis,0,Tonia Silvis,0,N,
Tonia X Silvis,0,Tonia X Silvis,0,N,
Tonja E Lenahan,0,Tonja E Lenahan,0,N,
Tonja Lenahan,0,Tonja Lenahan,0,N,
Tony E Keough,0,Tony E Keough,0,N,
Tony Keough,0,Tony Keough,0,N,
Towanda H Matson,0,Towanda H Matson,0,N,
Toya B Rawlins,1,Toya B Rawlins,1,Y,Toya B Rawlins
Tracey Lapinski,0,Tracey Lapinski,0,N,
Tracie J Winebarger,0,Tracie J Winebarger,0,N,
Trent J Lockman,0,Trent J Lockman,0,N,
Tressa Q Standard,0,Tressa Q Standard,0,N,
Tressa Standard,0,Tressa Standard,0,N,
Trey Kaiser,0,Trey Kaiser,0,N,
Tristan L Cockrell,0,Tristan L Cockrell,0,N,
Tristan M Brackett,0,Tristan M Brackett,0,N,
Troy J Higbee,0,Troy J Higbee,0,N,
Troy Michalski,0,Troy Michalski,0,N,
Tuan L Rhymes,0,Tuan L Rhymes,0,N,
Tyler D Galindo,0,Tyler D Galindo,0,N,
Tyler Galindo,0,Tyler Galindo,0,N,
Tyler N Larkins,0,Tyler N Larkins,0,N,
Tyree W Linden,0,Tyree W Linden,0,N,
Tyrell R Bramlett,0,Tyrell R Bramlett,0,N,
Tyson High,0,Tyson High,0,N,
Ula W Hartl,0,Ula W Hartl,0,N,
Ulysses S Abate,0,Ulysses S Abate,0,N,
Un Zebrowski,0,Un Zebrowski,0,N,
Ute Outen,0,Ute Outen,0,N,
Valarie O Gorecki,0,Valarie O Gorecki,0,N,
Valencia M Cuffee,0,Valencia M Cuffee,0,N,
Valene R Yost,0,Valene R Yost,0,N,
Valene Yost,0,Valene Yost,0,N,
Valene Z Woodmansee,1,Valene Z Woodmansee,1,Y,Valene Z Woodmansee
Valentin Escoto,0,Valentin Escoto,0,N,
Valentin T Dearborn,0,Valentin T Dearborn,0,N,
Valentine Gibbon,0,Valentine Gibbon,0,N,
Valeria Fang,0,Valeria Fang,0,N,
Van E Broadbent,0,Van E Broadbent,0,N,
Van T Dotson,0,Van T Dotson,0,N,
Vance Kuss,0,Vance Kuss,0,N,
Vasiliki E Thoman,0,Vasiliki E Thoman,0,N,
Vasiliki Thoman,0,Vasiliki Thoman,0,N,
Vaughn Garica,1,Vaughn Garica,1,Y,Vaughn Garica
Vaughn N Garica,0,Vaughn N Garica,0,N,
Velda V Larue,0,Velda V Larue,0,N,
Verla H Contreras,0,Verla H Contreras,0,N,
Vern T Lomeli,0,Vern T Lomeli,0,N,
Vernell X Amado,1,Vernell X Amado,1,Y,Vernell X Amado
Verona H Brobst,0,Verona H Brobst,0,N,
Veronica I Mower,0,Veronica I Mower,0,N,
Vicki V Broussard,0,Vicki V Broussard,0,N,
Vicki Y Hargrave,0,Vicki Y Hargrave,0,N,
Victor Helmuth,0,Victor Helmuth,0,N,
Victoria H Musson,0,Victoria H Musson,0,N,
Vikki N Lezama,0,Vikki N Lezama,1,N,
Vincent N Lennon,0,Vincent N Lennon,0,N,
Vincenzo Rentschler,0,Vincenzo Rentschler,0,N,
Vinita E Chamber,0,Vinita E Chamber,0,N,
Violet L Ertel,0,Violet L Ertel,1,N,
Virgil R Yuen,0,Virgil R Yuen,0,N,
Vivienne X Binion,0,Vivienne X Binion,0,N,
Voncile P Trojanowski,0,Voncile P Trojanowski,0,N,
Vonda U Mckinnis,0,Vonda U Mckinnis,0,N,
Waldo Witmer,0,Waldo Witmer,0,N,
Walter B Mcmorrow,0,Walter B Mcmorrow,0,N,
Walter H Hargreaves,0,Walter H Hargreaves,0,N,
Walter R Seddon,0,Walter R Seddon,0,N,
Walton S Keim,1,Walton S Keim,1,Y,Walton S Keim
Walton U Kapoor,0,Walton U Kapoor,0,N,
Warner I Manly,0,Warner I Manly,0,N,
Warren L Manion,0,Warren L Manion,0,N,
Waylon Z Curtsinger,0,Waylon Z Curtsinger,0,N,
Wendolyn Riddle,0,Wendolyn Riddle,0,N,
Whitney N Wasinger,0,Whitney N Wasinger,0,N,
Wiley U Maske,0,Wiley U Maske,0,N,
Wilfred Honore,0,Wilfred Honore,0,N,
Wilhelmina Y Keaney,0,Wilhelmina Y Keaney,0,N,
Willia Vath,0,Willia Vath,1,N,
William B Mcnerney,0,William B Mcnerney,0,N,
Williams Timko,0,Williams Timko,0,N,
Willian Zeringue,0,Willian Zeringue,0,N,
Willis D Weissman,0,Willis D Weissman,0,N,
Wilton Florence,0,Wilton Florence,0,N,
Windy A Dudek,0,Windy A Dudek,1,N,
Windy Dudek,0,Windy Dudek,0,N,
Windy Pharr,0,Windy Pharr,0,N,
Windy S Pharr,0,Windy S Pharr,0,N,
Windy Valadez,0,Windy Valadez,0,N,
Winona Slape,0,Winona Slape,0,N,
Wm S Goldschmidt,0,Wm S Goldschmidt,1,N,
Xochitl Hogan,0,Xochitl Hogan,0,N,
Xochitl Luse,0,Xochitl Luse,0,N,
Yong Ramsey,0,Yong Ramsey,0,N,
Young Rueb,0,Young Rueb,0,N,
Young W Funes,0,Young W Funes,0,N,
Yung G Booher,0,Yung G Booher,0,N,
Yvone Seay,0,Yvone Seay,0,N,
Zachary Haugland,0,Zachary Haugland,0,N,
Zachary S Velasquez,0,Zachary S Velasquez,0,N,
Zachary U Breeden,0,Zachary U Breeden,0,N,
Zachary Velasquez,0,Zachary Velasquez,0,N,
Zachery Barna,0,Zachery Barna,0,N,
Zack H Mumaw,0,Zack H Mumaw,0,N,
Zackary G Parkins,0,Zackary G Parkins,0,N,
Zana G Ordonez,0,Zana G Ordonez,0,N,
Zane J Hurdle,0,Zane J Hurdle,0,N,
Zella Renn,0,Zella Renn,0,N,
Zenia D Owings,0,Zenia D Owings,0,N,
Zoila X Nair,0,Zoila X Nair,0,N,
